<?xml version="1.0" encoding="UTF-8"?>
<!DOCTYPE mapper PUBLIC "-//mybatis.org//DTD Mapper 3.0//EN" "http://mybatis.org/dtd/mybatis-3-mapper.dtd">
<!-- namespace는 daoImpl에 있는 이름 -->
<mapper namespace="game">
	<!-- resultType은 dao한테 보내는 방법? game은 mybatis-config에서 alias 걸어준거-->
	<select id="list" resultType="Game">
		SELECT game.*, member.name 
		FROM game LEFT JOIN member ON(game.member_id=member.id)
		ORDER BY id
		LiMIT #{offset},#{perPager} 
	</select>
	<insert id="add" >
		INSERT INTO game VALUES (NULL,#{title},#{publisher},#{price},NOW(),#{pubDate},#{memberId})
	</insert>
	<delete id="delete">
		DELETE FROM game WHERE id=#{id} 
	</delete>
	<delete id="delete_member">
		DELETE FROM game WHERE id=#{id}  AND member_id=#{memberId}
	</delete>
	
	<select id="item" resultType="Game">
		SELECT * FROM game WHERE id=#{id}
	</select>
	<update id="update">
		UPDATE game SET title=#{title}, publisher=#{publisher},price=#{price},pub_date=#{pubDate} 
		WHERE id=#{id} AND member_id=#{memberId}
	</update>
	<select id="total" resultType="Integer">
		SELECT COUNT(*) FROM game
	</select>
</mapper>