<?xml version="1.0" encoding="UTF-8"?>
<!DOCTYPE configuration PUBLIC "-//mybatis.org//DTD Config 3.0//EN" "http://mybatis.org/dtd/mybatis-3-config.dtd">

<configuration>
	<settings>
		<setting name="mapUnderscoreToCamelCase" value="true"/><!-- 자바와 db 이름 맞춰주기 -->
	</settings>
	<typeAliases>
		<typeAlias type="kr.ac.kopo.gameshop.model.Game" alias="Game"/>
		<typeAlias type="kr.ac.kopo.gameshop.model.Member" alias="Member"/>
	</typeAliases>
	<mappers>
		<mapper resource="mybatis/game.xml" /><!-- 게임에 사용하는 sql문을 여기다 담아두겠다. -->
		<mapper resource="mybatis/member.xml" />
	</mappers>
</configuration>